RunNo,FileName,Initialization.Ride_Height.RideHeight_FL_Garage_[mm],Initialization.Ride_Height.RideHeight_FR_Garage_[mm],Initialization.Ride_Height.RideHeight_RR_Garage_[mm],General_Parameters.Overall_Grip_[%],Spring.FL.Spring_Force_Gradient_[N/mm],Spring.RL.Spring_Force_Gradient_[N/mm],Anti_Roll_Bar.Front.Characteristics_Linear.ARB_Stiffness_[N/mm],Anti_Roll_Bar.Rear.Chararcteristics_Linear.ARB_Stiffness_[N/mm],General_Parameters.Rear_Wing_Position_[deg]
1,GT3_SimJob_8x2_V2_Run00001,55,55,60,100,180,200,19,46,0
2,GT3_SimJob_8x2_V2_Run00002,65,65,60,100,180,200,19,46,0
3,GT3_SimJob_8x2_V2_Run00003,55,55,70,100,180,200,19,46,0
4,GT3_SimJob_8x2_V2_Run00004,65,65,70,100,180,200,19,46,0
5,GT3_SimJob_8x2_V2_Run00005,55,55,60,105,180,200,19,46,0
6,GT3_SimJob_8x2_V2_Run00006,65,65,60,105,180,200,19,46,0
7,GT3_SimJob_8x2_V2_Run00007,55,55,70,105,180,200,19,46,0
8,GT3_SimJob_8x2_V2_Run00008,65,65,70,105,180,200,19,46,0
9,GT3_SimJob_8x2_V2_Run00009,55,55,60,100,240,200,19,46,0
10,GT3_SimJob_8x2_V2_Run00010,65,65,60,100,240,200,19,46,0
11,GT3_SimJob_8x2_V2_Run00011,55,55,70,100,240,200,19,46,0
12,GT3_SimJob_8x2_V2_Run00012,65,65,70,100,240,200,19,46,0
13,GT3_SimJob_8x2_V2_Run00013,55,55,60,105,240,200,19,46,0
14,GT3_SimJob_8x2_V2_Run00014,65,65,60,105,240,200,19,46,0
15,GT3_SimJob_8x2_V2_Run00015,55,55,70,105,240,200,19,46,0
16,GT3_SimJob_8x2_V2_Run00016,65,65,70,105,240,200,19,46,0
17,GT3_SimJob_8x2_V2_Run00017,55,55,60,100,180,260,19,46,0
18,GT3_SimJob_8x2_V2_Run00018,65,65,60,100,180,260,19,46,0
19,GT3_SimJob_8x2_V2_Run00019,55,55,70,100,180,260,19,46,0
20,GT3_SimJob_8x2_V2_Run00020,65,65,70,100,180,260,19,46,0
21,GT3_SimJob_8x2_V2_Run00021,55,55,60,105,180,260,19,46,0
22,GT3_SimJob_8x2_V2_Run00022,65,65,60,105,180,260,19,46,0
23,GT3_SimJob_8x2_V2_Run00023,55,55,70,105,180,260,19,46,0
24,GT3_SimJob_8x2_V2_Run00024,65,65,70,105,180,260,19,46,0
25,GT3_SimJob_8x2_V2_Run00025,55,55,60,100,240,260,19,46,0
26,GT3_SimJob_8x2_V2_Run00026,65,65,60,100,240,260,19,46,0
27,GT3_SimJob_8x2_V2_Run00027,55,55,70,100,240,260,19,46,0
28,GT3_SimJob_8x2_V2_Run00028,65,65,70,100,240,260,19,46,0
29,GT3_SimJob_8x2_V2_Run00029,55,55,60,105,240,260,19,46,0
30,GT3_SimJob_8x2_V2_Run00030,65,65,60,105,240,260,19,46,0
31,GT3_SimJob_8x2_V2_Run00031,55,55,70,105,240,260,19,46,0
32,GT3_SimJob_8x2_V2_Run00032,65,65,70,105,240,260,19,46,0
33,GT3_SimJob_8x2_V2_Run00033,55,55,60,100,180,200,50,46,0
34,GT3_SimJob_8x2_V2_Run00034,65,65,60,100,180,200,50,46,0
35,GT3_SimJob_8x2_V2_Run00035,55,55,70,100,180,200,50,46,0
36,GT3_SimJob_8x2_V2_Run00036,65,65,70,100,180,200,50,46,0
37,GT3_SimJob_8x2_V2_Run00037,55,55,60,105,180,200,50,46,0
38,GT3_SimJob_8x2_V2_Run00038,65,65,60,105,180,200,50,46,0
39,GT3_SimJob_8x2_V2_Run00039,55,55,70,105,180,200,50,46,0
40,GT3_SimJob_8x2_V2_Run00040,65,65,70,105,180,200,50,46,0
41,GT3_SimJob_8x2_V2_Run00041,55,55,60,100,240,200,50,46,0
42,GT3_SimJob_8x2_V2_Run00042,65,65,60,100,240,200,50,46,0
43,GT3_SimJob_8x2_V2_Run00043,55,55,70,100,240,200,50,46,0
44,GT3_SimJob_8x2_V2_Run00044,65,65,70,100,240,200,50,46,0
45,GT3_SimJob_8x2_V2_Run00045,55,55,60,105,240,200,50,46,0
46,GT3_SimJob_8x2_V2_Run00046,65,65,60,105,240,200,50,46,0
47,GT3_SimJob_8x2_V2_Run00047,55,55,70,105,240,200,50,46,0
48,GT3_SimJob_8x2_V2_Run00048,65,65,70,105,240,200,50,46,0
49,GT3_SimJob_8x2_V2_Run00049,55,55,60,100,180,260,50,46,0
50,GT3_SimJob_8x2_V2_Run00050,65,65,60,100,180,260,50,46,0
51,GT3_SimJob_8x2_V2_Run00051,55,55,70,100,180,260,50,46,0
52,GT3_SimJob_8x2_V2_Run00052,65,65,70,100,180,260,50,46,0
53,GT3_SimJob_8x2_V2_Run00053,55,55,60,105,180,260,50,46,0
54,GT3_SimJob_8x2_V2_Run00054,65,65,60,105,180,260,50,46,0
55,GT3_SimJob_8x2_V2_Run00055,55,55,70,105,180,260,50,46,0
56,GT3_SimJob_8x2_V2_Run00056,65,65,70,105,180,260,50,46,0
57,GT3_SimJob_8x2_V2_Run00057,55,55,60,100,240,260,50,46,0
58,GT3_SimJob_8x2_V2_Run00058,65,65,60,100,240,260,50,46,0
59,GT3_SimJob_8x2_V2_Run00059,55,55,70,100,240,260,50,46,0
60,GT3_SimJob_8x2_V2_Run00060,65,65,70,100,240,260,50,46,0
61,GT3_SimJob_8x2_V2_Run00061,55,55,60,105,240,260,50,46,0
62,GT3_SimJob_8x2_V2_Run00062,65,65,60,105,240,260,50,46,0
63,GT3_SimJob_8x2_V2_Run00063,55,55,70,105,240,260,50,46,0
64,GT3_SimJob_8x2_V2_Run00064,65,65,70,105,240,260,50,46,0
65,GT3_SimJob_8x2_V2_Run00065,55,55,60,100,180,200,19,70,0
66,GT3_SimJob_8x2_V2_Run00066,65,65,60,100,180,200,19,70,0
67,GT3_SimJob_8x2_V2_Run00067,55,55,70,100,180,200,19,70,0
68,GT3_SimJob_8x2_V2_Run00068,65,65,70,100,180,200,19,70,0
69,GT3_SimJob_8x2_V2_Run00069,55,55,60,105,180,200,19,70,0
70,GT3_SimJob_8x2_V2_Run00070,65,65,60,105,180,200,19,70,0
71,GT3_SimJob_8x2_V2_Run00071,55,55,70,105,180,200,19,70,0
72,GT3_SimJob_8x2_V2_Run00072,65,65,70,105,180,200,19,70,0
73,GT3_SimJob_8x2_V2_Run00073,55,55,60,100,240,200,19,70,0
74,GT3_SimJob_8x2_V2_Run00074,65,65,60,100,240,200,19,70,0
75,GT3_SimJob_8x2_V2_Run00075,55,55,70,100,240,200,19,70,0
76,GT3_SimJob_8x2_V2_Run00076,65,65,70,100,240,200,19,70,0
77,GT3_SimJob_8x2_V2_Run00077,55,55,60,105,240,200,19,70,0
78,GT3_SimJob_8x2_V2_Run00078,65,65,60,105,240,200,19,70,0
79,GT3_SimJob_8x2_V2_Run00079,55,55,70,105,240,200,19,70,0
80,GT3_SimJob_8x2_V2_Run00080,65,65,70,105,240,200,19,70,0
81,GT3_SimJob_8x2_V2_Run00081,55,55,60,100,180,260,19,70,0
82,GT3_SimJob_8x2_V2_Run00082,65,65,60,100,180,260,19,70,0
83,GT3_SimJob_8x2_V2_Run00083,55,55,70,100,180,260,19,70,0
84,GT3_SimJob_8x2_V2_Run00084,65,65,70,100,180,260,19,70,0
85,GT3_SimJob_8x2_V2_Run00085,55,55,60,105,180,260,19,70,0
86,GT3_SimJob_8x2_V2_Run00086,65,65,60,105,180,260,19,70,0
87,GT3_SimJob_8x2_V2_Run00087,55,55,70,105,180,260,19,70,0
88,GT3_SimJob_8x2_V2_Run00088,65,65,70,105,180,260,19,70,0
89,GT3_SimJob_8x2_V2_Run00089,55,55,60,100,240,260,19,70,0
90,GT3_SimJob_8x2_V2_Run00090,65,65,60,100,240,260,19,70,0
91,GT3_SimJob_8x2_V2_Run00091,55,55,70,100,240,260,19,70,0
92,GT3_SimJob_8x2_V2_Run00092,65,65,70,100,240,260,19,70,0
93,GT3_SimJob_8x2_V2_Run00093,55,55,60,105,240,260,19,70,0
94,GT3_SimJob_8x2_V2_Run00094,65,65,60,105,240,260,19,70,0
95,GT3_SimJob_8x2_V2_Run00095,55,55,70,105,240,260,19,70,0
96,GT3_SimJob_8x2_V2_Run00096,65,65,70,105,240,260,19,70,0
97,GT3_SimJob_8x2_V2_Run00097,55,55,60,100,180,200,50,70,0
98,GT3_SimJob_8x2_V2_Run00098,65,65,60,100,180,200,50,70,0
99,GT3_SimJob_8x2_V2_Run00099,55,55,70,100,180,200,50,70,0
100,GT3_SimJob_8x2_V2_Run00100,65,65,70,100,180,200,50,70,0
101,GT3_SimJob_8x2_V2_Run00101,55,55,60,105,180,200,50,70,0
102,GT3_SimJob_8x2_V2_Run00102,65,65,60,105,180,200,50,70,0
103,GT3_SimJob_8x2_V2_Run00103,55,55,70,105,180,200,50,70,0
104,GT3_SimJob_8x2_V2_Run00104,65,65,70,105,180,200,50,70,0
105,GT3_SimJob_8x2_V2_Run00105,55,55,60,100,240,200,50,70,0
106,GT3_SimJob_8x2_V2_Run00106,65,65,60,100,240,200,50,70,0
107,GT3_SimJob_8x2_V2_Run00107,55,55,70,100,240,200,50,70,0
108,GT3_SimJob_8x2_V2_Run00108,65,65,70,100,240,200,50,70,0
109,GT3_SimJob_8x2_V2_Run00109,55,55,60,105,240,200,50,70,0
110,GT3_SimJob_8x2_V2_Run00110,65,65,60,105,240,200,50,70,0
111,GT3_SimJob_8x2_V2_Run00111,55,55,70,105,240,200,50,70,0
112,GT3_SimJob_8x2_V2_Run00112,65,65,70,105,240,200,50,70,0
113,GT3_SimJob_8x2_V2_Run00113,55,55,60,100,180,260,50,70,0
114,GT3_SimJob_8x2_V2_Run00114,65,65,60,100,180,260,50,70,0
115,GT3_SimJob_8x2_V2_Run00115,55,55,70,100,180,260,50,70,0
116,GT3_SimJob_8x2_V2_Run00116,65,65,70,100,180,260,50,70,0
117,GT3_SimJob_8x2_V2_Run00117,55,55,60,105,180,260,50,70,0
118,GT3_SimJob_8x2_V2_Run00118,65,65,60,105,180,260,50,70,0
119,GT3_SimJob_8x2_V2_Run00119,55,55,70,105,180,260,50,70,0
120,GT3_SimJob_8x2_V2_Run00120,65,65,70,105,180,260,50,70,0
121,GT3_SimJob_8x2_V2_Run00121,55,55,60,100,240,260,50,70,0
122,GT3_SimJob_8x2_V2_Run00122,65,65,60,100,240,260,50,70,0
123,GT3_SimJob_8x2_V2_Run00123,55,55,70,100,240,260,50,70,0
124,GT3_SimJob_8x2_V2_Run00124,65,65,70,100,240,260,50,70,0
125,GT3_SimJob_8x2_V2_Run00125,55,55,60,105,240,260,50,70,0
126,GT3_SimJob_8x2_V2_Run00126,65,65,60,105,240,260,50,70,0
127,GT3_SimJob_8x2_V2_Run00127,55,55,70,105,240,260,50,70,0
128,GT3_SimJob_8x2_V2_Run00128,65,65,70,105,240,260,50,70,0
129,GT3_SimJob_8x2_V2_Run00129,55,55,60,100,180,200,19,46,5
130,GT3_SimJob_8x2_V2_Run00130,65,65,60,100,180,200,19,46,5
131,GT3_SimJob_8x2_V2_Run00131,55,55,70,100,180,200,19,46,5
132,GT3_SimJob_8x2_V2_Run00132,65,65,70,100,180,200,19,46,5
133,GT3_SimJob_8x2_V2_Run00133,55,55,60,105,180,200,19,46,5
134,GT3_SimJob_8x2_V2_Run00134,65,65,60,105,180,200,19,46,5
135,GT3_SimJob_8x2_V2_Run00135,55,55,70,105,180,200,19,46,5
136,GT3_SimJob_8x2_V2_Run00136,65,65,70,105,180,200,19,46,5
137,GT3_SimJob_8x2_V2_Run00137,55,55,60,100,240,200,19,46,5
138,GT3_SimJob_8x2_V2_Run00138,65,65,60,100,240,200,19,46,5
139,GT3_SimJob_8x2_V2_Run00139,55,55,70,100,240,200,19,46,5
140,GT3_SimJob_8x2_V2_Run00140,65,65,70,100,240,200,19,46,5
141,GT3_SimJob_8x2_V2_Run00141,55,55,60,105,240,200,19,46,5
142,GT3_SimJob_8x2_V2_Run00142,65,65,60,105,240,200,19,46,5
143,GT3_SimJob_8x2_V2_Run00143,55,55,70,105,240,200,19,46,5
144,GT3_SimJob_8x2_V2_Run00144,65,65,70,105,240,200,19,46,5
145,GT3_SimJob_8x2_V2_Run00145,55,55,60,100,180,260,19,46,5
146,GT3_SimJob_8x2_V2_Run00146,65,65,60,100,180,260,19,46,5
147,GT3_SimJob_8x2_V2_Run00147,55,55,70,100,180,260,19,46,5
148,GT3_SimJob_8x2_V2_Run00148,65,65,70,100,180,260,19,46,5
149,GT3_SimJob_8x2_V2_Run00149,55,55,60,105,180,260,19,46,5
150,GT3_SimJob_8x2_V2_Run00150,65,65,60,105,180,260,19,46,5
151,GT3_SimJob_8x2_V2_Run00151,55,55,70,105,180,260,19,46,5
152,GT3_SimJob_8x2_V2_Run00152,65,65,70,105,180,260,19,46,5
153,GT3_SimJob_8x2_V2_Run00153,55,55,60,100,240,260,19,46,5
154,GT3_SimJob_8x2_V2_Run00154,65,65,60,100,240,260,19,46,5
155,GT3_SimJob_8x2_V2_Run00155,55,55,70,100,240,260,19,46,5
156,GT3_SimJob_8x2_V2_Run00156,65,65,70,100,240,260,19,46,5
157,GT3_SimJob_8x2_V2_Run00157,55,55,60,105,240,260,19,46,5
158,GT3_SimJob_8x2_V2_Run00158,65,65,60,105,240,260,19,46,5
159,GT3_SimJob_8x2_V2_Run00159,55,55,70,105,240,260,19,46,5
160,GT3_SimJob_8x2_V2_Run00160,65,65,70,105,240,260,19,46,5
161,GT3_SimJob_8x2_V2_Run00161,55,55,60,100,180,200,50,46,5
162,GT3_SimJob_8x2_V2_Run00162,65,65,60,100,180,200,50,46,5
163,GT3_SimJob_8x2_V2_Run00163,55,55,70,100,180,200,50,46,5
164,GT3_SimJob_8x2_V2_Run00164,65,65,70,100,180,200,50,46,5
165,GT3_SimJob_8x2_V2_Run00165,55,55,60,105,180,200,50,46,5
166,GT3_SimJob_8x2_V2_Run00166,65,65,60,105,180,200,50,46,5
167,GT3_SimJob_8x2_V2_Run00167,55,55,70,105,180,200,50,46,5
168,GT3_SimJob_8x2_V2_Run00168,65,65,70,105,180,200,50,46,5
169,GT3_SimJob_8x2_V2_Run00169,55,55,60,100,240,200,50,46,5
170,GT3_SimJob_8x2_V2_Run00170,65,65,60,100,240,200,50,46,5
171,GT3_SimJob_8x2_V2_Run00171,55,55,70,100,240,200,50,46,5
172,GT3_SimJob_8x2_V2_Run00172,65,65,70,100,240,200,50,46,5
173,GT3_SimJob_8x2_V2_Run00173,55,55,60,105,240,200,50,46,5
174,GT3_SimJob_8x2_V2_Run00174,65,65,60,105,240,200,50,46,5
175,GT3_SimJob_8x2_V2_Run00175,55,55,70,105,240,200,50,46,5
176,GT3_SimJob_8x2_V2_Run00176,65,65,70,105,240,200,50,46,5
177,GT3_SimJob_8x2_V2_Run00177,55,55,60,100,180,260,50,46,5
178,GT3_SimJob_8x2_V2_Run00178,65,65,60,100,180,260,50,46,5
179,GT3_SimJob_8x2_V2_Run00179,55,55,70,100,180,260,50,46,5
180,GT3_SimJob_8x2_V2_Run00180,65,65,70,100,180,260,50,46,5
181,GT3_SimJob_8x2_V2_Run00181,55,55,60,105,180,260,50,46,5
182,GT3_SimJob_8x2_V2_Run00182,65,65,60,105,180,260,50,46,5
183,GT3_SimJob_8x2_V2_Run00183,55,55,70,105,180,260,50,46,5
184,GT3_SimJob_8x2_V2_Run00184,65,65,70,105,180,260,50,46,5
185,GT3_SimJob_8x2_V2_Run00185,55,55,60,100,240,260,50,46,5
186,GT3_SimJob_8x2_V2_Run00186,65,65,60,100,240,260,50,46,5
187,GT3_SimJob_8x2_V2_Run00187,55,55,70,100,240,260,50,46,5
188,GT3_SimJob_8x2_V2_Run00188,65,65,70,100,240,260,50,46,5
189,GT3_SimJob_8x2_V2_Run00189,55,55,60,105,240,260,50,46,5
190,GT3_SimJob_8x2_V2_Run00190,65,65,60,105,240,260,50,46,5
191,GT3_SimJob_8x2_V2_Run00191,55,55,70,105,240,260,50,46,5
192,GT3_SimJob_8x2_V2_Run00192,65,65,70,105,240,260,50,46,5
193,GT3_SimJob_8x2_V2_Run00193,55,55,60,100,180,200,19,70,5
194,GT3_SimJob_8x2_V2_Run00194,65,65,60,100,180,200,19,70,5
195,GT3_SimJob_8x2_V2_Run00195,55,55,70,100,180,200,19,70,5
196,GT3_SimJob_8x2_V2_Run00196,65,65,70,100,180,200,19,70,5
197,GT3_SimJob_8x2_V2_Run00197,55,55,60,105,180,200,19,70,5
198,GT3_SimJob_8x2_V2_Run00198,65,65,60,105,180,200,19,70,5
199,GT3_SimJob_8x2_V2_Run00199,55,55,70,105,180,200,19,70,5
200,GT3_SimJob_8x2_V2_Run00200,65,65,70,105,180,200,19,70,5
201,GT3_SimJob_8x2_V2_Run00201,55,55,60,100,240,200,19,70,5
202,GT3_SimJob_8x2_V2_Run00202,65,65,60,100,240,200,19,70,5
203,GT3_SimJob_8x2_V2_Run00203,55,55,70,100,240,200,19,70,5
204,GT3_SimJob_8x2_V2_Run00204,65,65,70,100,240,200,19,70,5
205,GT3_SimJob_8x2_V2_Run00205,55,55,60,105,240,200,19,70,5
206,GT3_SimJob_8x2_V2_Run00206,65,65,60,105,240,200,19,70,5
207,GT3_SimJob_8x2_V2_Run00207,55,55,70,105,240,200,19,70,5
208,GT3_SimJob_8x2_V2_Run00208,65,65,70,105,240,200,19,70,5
209,GT3_SimJob_8x2_V2_Run00209,55,55,60,100,180,260,19,70,5
210,GT3_SimJob_8x2_V2_Run00210,65,65,60,100,180,260,19,70,5
211,GT3_SimJob_8x2_V2_Run00211,55,55,70,100,180,260,19,70,5
212,GT3_SimJob_8x2_V2_Run00212,65,65,70,100,180,260,19,70,5
213,GT3_SimJob_8x2_V2_Run00213,55,55,60,105,180,260,19,70,5
214,GT3_SimJob_8x2_V2_Run00214,65,65,60,105,180,260,19,70,5
215,GT3_SimJob_8x2_V2_Run00215,55,55,70,105,180,260,19,70,5
216,GT3_SimJob_8x2_V2_Run00216,65,65,70,105,180,260,19,70,5
217,GT3_SimJob_8x2_V2_Run00217,55,55,60,100,240,260,19,70,5
218,GT3_SimJob_8x2_V2_Run00218,65,65,60,100,240,260,19,70,5
219,GT3_SimJob_8x2_V2_Run00219,55,55,70,100,240,260,19,70,5
220,GT3_SimJob_8x2_V2_Run00220,65,65,70,100,240,260,19,70,5
221,GT3_SimJob_8x2_V2_Run00221,55,55,60,105,240,260,19,70,5
222,GT3_SimJob_8x2_V2_Run00222,65,65,60,105,240,260,19,70,5
223,GT3_SimJob_8x2_V2_Run00223,55,55,70,105,240,260,19,70,5
224,GT3_SimJob_8x2_V2_Run00224,65,65,70,105,240,260,19,70,5
225,GT3_SimJob_8x2_V2_Run00225,55,55,60,100,180,200,50,70,5
226,GT3_SimJob_8x2_V2_Run00226,65,65,60,100,180,200,50,70,5
227,GT3_SimJob_8x2_V2_Run00227,55,55,70,100,180,200,50,70,5
228,GT3_SimJob_8x2_V2_Run00228,65,65,70,100,180,200,50,70,5
229,GT3_SimJob_8x2_V2_Run00229,55,55,60,105,180,200,50,70,5
230,GT3_SimJob_8x2_V2_Run00230,65,65,60,105,180,200,50,70,5
231,GT3_SimJob_8x2_V2_Run00231,55,55,70,105,180,200,50,70,5
232,GT3_SimJob_8x2_V2_Run00232,65,65,70,105,180,200,50,70,5
233,GT3_SimJob_8x2_V2_Run00233,55,55,60,100,240,200,50,70,5
234,GT3_SimJob_8x2_V2_Run00234,65,65,60,100,240,200,50,70,5
235,GT3_SimJob_8x2_V2_Run00235,55,55,70,100,240,200,50,70,5
236,GT3_SimJob_8x2_V2_Run00236,65,65,70,100,240,200,50,70,5
237,GT3_SimJob_8x2_V2_Run00237,55,55,60,105,240,200,50,70,5
238,GT3_SimJob_8x2_V2_Run00238,65,65,60,105,240,200,50,70,5
239,GT3_SimJob_8x2_V2_Run00239,55,55,70,105,240,200,50,70,5
240,GT3_SimJob_8x2_V2_Run00240,65,65,70,105,240,200,50,70,5
241,GT3_SimJob_8x2_V2_Run00241,55,55,60,100,180,260,50,70,5
242,GT3_SimJob_8x2_V2_Run00242,65,65,60,100,180,260,50,70,5
243,GT3_SimJob_8x2_V2_Run00243,55,55,70,100,180,260,50,70,5
244,GT3_SimJob_8x2_V2_Run00244,65,65,70,100,180,260,50,70,5
245,GT3_SimJob_8x2_V2_Run00245,55,55,60,105,180,260,50,70,5
246,GT3_SimJob_8x2_V2_Run00246,65,65,60,105,180,260,50,70,5
247,GT3_SimJob_8x2_V2_Run00247,55,55,70,105,180,260,50,70,5
248,GT3_SimJob_8x2_V2_Run00248,65,65,70,105,180,260,50,70,5
249,GT3_SimJob_8x2_V2_Run00249,55,55,60,100,240,260,50,70,5
250,GT3_SimJob_8x2_V2_Run00250,65,65,60,100,240,260,50,70,5
251,GT3_SimJob_8x2_V2_Run00251,55,55,70,100,240,260,50,70,5
252,GT3_SimJob_8x2_V2_Run00252,65,65,70,100,240,260,50,70,5
253,GT3_SimJob_8x2_V2_Run00253,55,55,60,105,240,260,50,70,5
254,GT3_SimJob_8x2_V2_Run00254,65,65,60,105,240,260,50,70,5
255,GT3_SimJob_8x2_V2_Run00255,55,55,70,105,240,260,50,70,5
256,GT3_SimJob_8x2_V2_Run00256,65,65,70,105,240,260,50,70,5
